{
  "baseName" : "unicam",
  "uniqueName" : "unicam",
  "nickname" : "Slotheye",
  "FOV" : 70.0,
  "path" : "/dev/video0",
  "cameraType" : "ZeroCopyPicam",
  "currentPipelineIndex" : 1,
  "calibrations" : [ {
    "resolution" : {
      "width" : 960.0,
      "height" : 720.0
    },
    "cameraIntrinsics" : {
      "rows" : 3,
      "cols" : 3,
      "type" : 6,
      "data" : [ 1018.3398294075123, 0.0, 396.6799435810754, 0.0, 1014.5024365377545, 352.4005508097719, 0.0, 0.0, 1.0 ]
    },
    "cameraExtrinsics" : {
      "rows" : 1,
      "cols" : 5,
      "type" : 6,
      "data" : [ 0.4008455675299451, -1.147121400990561, -0.005972847035668214, -0.04581995409729538, 0.8418074516613268 ]
    },
    "perViewErrors" : [ 1.1661263580301857, 2.7563571448834434, 3.8366981773248607, 3.6797955763755046, 2.9211418819558523, 0.7229239925110792, 0.5686348014910516, 1.873784668565809, 1.299948589159785, 1.1953152209744244, 1.6730752363998678, 1.4379861331990709 ],
    "standardDeviation" : 1.0608278925836636
  } ],
  "streamIndex" : 0
}